{"stat.chestOpened":17,"stat.useItem.minecraft.bow":11,"stat.walkOneCm":118565,"stat.useItem.minecraft.quartz_block":77,"stat.playerKills":2,"achievement.openInventory":11,"stat.damageTaken":1649,"stat.mineBlock.minecraft.quartz_block":1,"stat.craftItem.minecraft.stone_pickaxe":4,"stat.craftItem.minecraft.stone_sword":4,"stat.flyOneCm":47389,"stat.deaths":5,"stat.jump":310,"stat.playOneMinute":18482,"stat.fallOneCm":15466,"stat.useItem.minecraft.stone_pickaxe":1,"stat.useItem.minecraft.nether_brick":43,"stat.useItem.minecraft.stone_sword":5,"stat.damageDealt":360,"stat.crouchOneCm":20123,"stat.useItem.minecraft.baked_potato":5,"stat.timeSinceDeath":51,"stat.sprintOneCm":60457,"stat.useItem.minecraft.stained_glass":91,"achievement.exploreAllBiomes":{"value":0,"progress":["Jungle"]},"stat.useItem.minecraft.fireworks":95,"stat.craftingTableInteraction":5}