{"stat.chestOpened":18,"stat.flyOneCm":59928,"stat.deaths":8,"stat.walkOneCm":122296,"stat.jump":418,"stat.useItem.minecraft.quartz_block":208,"stat.playerKills":2,"stat.playOneMinute":18830,"stat.fallOneCm":11360,"achievement.openInventory":4,"stat.useItem.minecraft.stone_sword":2,"stat.damageTaken":2212,"stat.useItem.minecraft.cobblestone":75,"stat.damageDealt":270,"stat.crouchOneCm":9201,"stat.useItem.minecraft.baked_potato":2,"stat.timeSinceDeath":721,"stat.useItem.minecraft.written_book":1,"stat.sprintOneCm":61155,"stat.useItem.minecraft.stained_glass":49,"achievement.exploreAllBiomes":{"value":0,"progress":["Jungle","Ocean"]},"stat.useItem.minecraft.potion":1}