{"stat.chestOpened":42,"stat.useItem.minecraft.bow":13,"stat.walkOneCm":121834,"stat.useItem.minecraft.quartz_block":73,"stat.useItem.minecraft.chest":6,"stat.playerKills":4,"achievement.openInventory":16,"stat.damageTaken":1475,"stat.useItem.minecraft.cobblestone":14,"stat.mineBlock.minecraft.quartz_block":33,"stat.craftItem.minecraft.stone_pickaxe":21,"stat.craftItem.minecraft.stone_sword":88,"stat.flyOneCm":180245,"stat.deaths":5,"stat.drop":1,"stat.jump":838,"stat.playOneMinute":18595,"stat.fallOneCm":26742,"stat.useItem.minecraft.planks":35,"stat.mineBlock.minecraft.web":4,"stat.useItem.minecraft.stone_pickaxe":36,"stat.useItem.minecraft.nether_brick":47,"stat.useItem.minecraft.stone_sword":20,"stat.damageDealt":1360,"stat.crouchOneCm":5366,"stat.useItem.minecraft.baked_potato":10,"stat.timeSinceDeath":1815,"stat.craftItem.minecraft.chest":7,"stat.sprintOneCm":90407,"stat.useItem.minecraft.stained_glass":48,"stat.mineBlock.minecraft.stone_slab":1,"achievement.exploreAllBiomes":{"value":0,"progress":["Jungle","Ocean"]},"stat.useItem.minecraft.fireworks":40,"stat.craftItem.minecraft.stick":192,"stat.craftingTableInteraction":11}