{"stat.chestOpened":31,"stat.useItem.minecraft.bow":13,"stat.walkOneCm":130164,"stat.useItem.minecraft.quartz_block":212,"achievement.openInventory":5,"stat.damageTaken":1303,"stat.useItem.minecraft.cobblestone":7,"stat.mineBlock.minecraft.quartz_block":1,"stat.craftItem.minecraft.stone_sword":31,"stat.flyOneCm":118781,"stat.deaths":4,"stat.drop":14,"stat.jump":637,"stat.playOneMinute":18293,"stat.fallOneCm":20855,"stat.useItem.minecraft.stone_pickaxe":2,"stat.useItem.minecraft.stone_sword":5,"stat.damageDealt":390,"stat.crouchOneCm":9600,"stat.useItem.minecraft.baked_potato":9,"stat.timeSinceDeath":48,"stat.sprintOneCm":59255,"stat.mineBlock.minecraft.stone_slab":1,"achievement.exploreAllBiomes":{"value":0,"progress":["Jungle","Ocean"]},"stat.useItem.minecraft.fireworks":338,"stat.craftingTableInteraction":3}