{"stat.chestOpened":34,"stat.useItem.minecraft.bow":71,"stat.walkOneCm":127827,"stat.playerKills":1,"achievement.openInventory":13,"stat.damageTaken":1125,"stat.useItem.minecraft.cobblestone":7,"stat.craftItem.minecraft.stone_sword":1,"stat.flyOneCm":85405,"stat.deaths":3,"stat.drop":33,"stat.jump":487,"stat.playOneMinute":18629,"stat.fallOneCm":14761,"stat.useItem.minecraft.planks":44,"stat.useItem.minecraft.stone_sword":4,"stat.damageDealt":300,"stat.crouchOneCm":8081,"stat.useItem.minecraft.baked_potato":6,"stat.timeSinceDeath":4806,"stat.useItem.minecraft.written_book":2,"stat.sprintOneCm":63888,"stat.useItem.minecraft.stained_glass":38,"achievement.exploreAllBiomes":{"value":0,"progress":["Jungle","Ocean"]},"stat.useItem.minecraft.fireworks":103,"stat.craftingTableInteraction":2}