{"stats":{"minecraft:dropped":{"minecraft:wheat_seeds":2,"minecraft:azure_bluet":1},"minecraft:picked_up":{"minecraft:crafting_table":1,"minecraft:azure_bluet":1,"minecraft:wheat_seeds":2,"minecraft:oak_log":6,"minecraft:dirt":1},"minecraft:used":{"minecraft:dirt":1,"minecraft:crafting_table":1,"minecraft:oak_boat":1,"minecraft:netherite_axe":11},"minecraft:custom":{"minecraft:time_since_rest":11595,"minecraft:crouch_one_cm":18,"minecraft:play_one_minute":11595,"minecraft:sprint_one_cm":12574,"minecraft:damage_taken":80,"minecraft:walk_one_cm":4769,"minecraft:sneak_time":4,"minecraft:boat_one_cm":12293,"minecraft:drop":2,"minecraft:jump":131,"minecraft:damage_dealt":96,"minecraft:leave_game":2,"minecraft:walk_on_water_one_cm":721,"minecraft:time_since_death":11595,"minecraft:fall_one_cm":4571,"minecraft:interact_with_crafting_table":1,"minecraft:fly_one_cm":176995},"minecraft:mined":{"minecraft:grass":7,"minecraft:grass_block":1,"minecraft:oak_log":6,"minecraft:tall_grass":5,"minecraft:azure_bluet":1,"minecraft:oak_leaves":1,"minecraft:crafting_table":1},"minecraft:crafted":{"minecraft:oak_planks":24,"minecraft:crafting_table":1,"minecraft:stick":4,"minecraft:wooden_pickaxe":1}},"DataVersion":2586}