{"stats":{"minecraft:used":{"minecraft:polished_blackstone":1},"minecraft:custom":{"minecraft:jump":67,"minecraft:time_since_rest":5152,"minecraft:crouch_one_cm":821,"minecraft:walk_on_water_one_cm":335,"minecraft:play_one_minute":42311,"minecraft:damage_taken":420,"minecraft:leave_game":2,"minecraft:sprint_one_cm":2432,"minecraft:walk_one_cm":6058,"minecraft:time_since_death":5148,"minecraft:deaths":2,"minecraft:sneak_time":505,"minecraft:fall_one_cm":1565,"minecraft:fly_one_cm":94083}},"DataVersion":2586}