{"stats":{"minecraft:used":{"minecraft:polished_blackstone":1,"minecraft:quartz_bricks":2,"minecraft:birch_button":1,"minecraft:stone_button":2,"minecraft:smooth_red_sandstone":1,"minecraft:barrier":21,"minecraft:oak_sign":1},"minecraft:custom":{"minecraft:jump":148,"minecraft:time_since_rest":528,"minecraft:play_one_minute":54167,"minecraft:damage_taken":420,"minecraft:crouch_one_cm":956,"minecraft:walk_one_cm":17956,"minecraft:leave_game":4,"minecraft:sprint_one_cm":10264,"minecraft:time_since_death":525,"minecraft:walk_on_water_one_cm":596,"minecraft:deaths":13,"minecraft:sneak_time":607,"minecraft:fall_one_cm":2784,"minecraft:fly_one_cm":121718},"minecraft:mined":{"minecraft:tall_grass":1}},"DataVersion":2586}