{"stats":{"minecraft:used":{"minecraft:polished_blackstone":1,"minecraft:smooth_red_sandstone":1,"minecraft:oak_sign":1,"minecraft:birch_button":1,"minecraft:barrier":21,"minecraft:stone_button":2,"minecraft:quartz_bricks":2},"minecraft:mined":{"minecraft:tall_grass":1},"minecraft:custom":{"minecraft:jump":152,"minecraft:time_since_rest":6528,"minecraft:damage_taken":420,"minecraft:play_one_minute":60167,"minecraft:crouch_one_cm":956,"minecraft:walk_one_cm":18120,"minecraft:leave_game":4,"minecraft:sprint_one_cm":10547,"minecraft:time_since_death":6525,"minecraft:walk_on_water_one_cm":596,"minecraft:deaths":13,"minecraft:sneak_time":616,"minecraft:fall_one_cm":2784,"minecraft:fly_one_cm":124325}},"DataVersion":2586}