{"stat.chestOpened":49,"stat.useItem.minecraft.bow":35,"stat.walkOneCm":114601,"stat.useItem.minecraft.quartz_block":98,"stat.useItem.minecraft.chest":4,"stat.playerKills":5,"achievement.openInventory":12,"stat.damageTaken":2504,"stat.mineBlock.minecraft.quartz_block":1,"stat.mineBlock.minecraft.nether_brick":1,"stat.craftItem.minecraft.stone_sword":23,"stat.useItem.minecraft.golden_apple":1,"stat.flyOneCm":94388,"stat.deaths":5,"stat.mineBlock.minecraft.stained_glass":5,"stat.drop":5,"stat.jump":593,"stat.playOneMinute":17870,"stat.fallOneCm":34590,"stat.mineBlock.minecraft.web":2,"stat.useItem.minecraft.stone_pickaxe":2,"stat.useItem.minecraft.nether_brick":154,"stat.useItem.minecraft.stone_sword":9,"stat.damageDealt":460,"stat.crouchOneCm":7612,"stat.useItem.minecraft.baked_potato":2,"stat.timeSinceDeath":1111,"stat.useItem.minecraft.written_book":1,"stat.craftItem.minecraft.chest":8,"stat.sprintOneCm":69499,"achievement.exploreAllBiomes":{"value":0,"progress":["Jungle","Ocean"]},"stat.craftingTableInteraction":3}