{"stat.chestOpened":42,"stat.useItem.minecraft.bow":127,"stat.walkOneCm":129628,"stat.useItem.minecraft.quartz_block":107,"stat.playerKills":9,"achievement.openInventory":10,"stat.craftItem.minecraft.stone_axe":1,"stat.damageTaken":1306,"stat.useItem.minecraft.bookshelf":16,"stat.useItem.minecraft.cobblestone":14,"stat.mineBlock.minecraft.quartz_block":4,"stat.craftItem.minecraft.stone_pickaxe":6,"stat.craftItem.minecraft.stone_sword":30,"stat.flyOneCm":34093,"stat.deaths":4,"stat.drop":4,"stat.jump":351,"stat.playOneMinute":19477,"stat.fallOneCm":13099,"stat.useItem.minecraft.stone_pickaxe":4,"stat.useItem.minecraft.nether_brick":20,"stat.useItem.minecraft.enchanting_table":1,"stat.useItem.minecraft.stone_sword":11,"stat.damageDealt":810,"stat.crouchOneCm":4221,"stat.useItem.minecraft.baked_potato":3,"stat.timeSinceDeath":294,"stat.useItem.minecraft.written_book":2,"stat.sprintOneCm":87832,"stat.useItem.minecraft.stained_glass":19,"achievement.exploreAllBiomes":{"value":0,"progress":["Jungle","Ocean"]},"stat.craftingTableInteraction":11}