{"stat.chestOpened":37,"stat.useItem.minecraft.bow":16,"stat.walkOneCm":113518,"stat.useItem.minecraft.quartz_block":6,"achievement.openInventory":13,"stat.damageTaken":1787,"stat.useItem.minecraft.cobblestone":9,"stat.useItem.minecraft.golden_apple":2,"stat.craftItem.minecraft.stone_sword":2,"stat.flyOneCm":78958,"stat.deaths":7,"stat.useItem.minecraft.ender_pearl":1,"stat.mineBlock.minecraft.stained_glass":1,"stat.jump":361,"stat.playOneMinute":19195,"stat.fallOneCm":12357,"stat.useItem.minecraft.planks":7,"stat.useItem.minecraft.nether_brick":69,"stat.useItem.minecraft.stone_sword":1,"stat.damageDealt":110,"stat.crouchOneCm":8172,"stat.mineBlock.minecraft.wool":2,"stat.useItem.minecraft.wool":1,"stat.useItem.minecraft.baked_potato":2,"stat.timeSinceDeath":0,"stat.useItem.minecraft.written_book":1,"stat.sprintOneCm":61413,"stat.useItem.minecraft.stained_glass":19,"achievement.exploreAllBiomes":{"value":0,"progress":["Jungle","Ocean"]},"stat.craftItem.minecraft.iron_sword":1,"stat.craftItem.minecraft.stick":4,"stat.craftingTableInteraction":10}